States,Death_Ratio
"Andaman and Nicobar",1.2
Assam,1.08
Bihar,1.44
Chandigarh,1.18
Chhattisgarh,1.19
Delhi,1.31
Goa,1.52
"Himachal Pradesh",1.31
Jharkhand,1.2
Kerala,1.04
"Madhya Pradesh",1.02
Maharashtra,1.82
Manipur,1.53
Meghalaya,1.68
Nagaland,2.17
Puducherry,1.12
Punjab,2.44
Sikkim,1.12
"Tamil Nadu",1.05
"Uttar Pradesh",1.11
Uttarakhand,1.72
"West Bengal",1.01
